<assembly
	xmlns="http://maven.apache.org/plugins/maven-assembly-plugin/assembly/1.1.3"
	xmlns:xsi="http://www.w3.org/2001/XMLSchema-instance"
	xsi:schemaLocation="http://maven.apache.org/plugins/maven-assembly-plugin/assembly/1.1.3 http://maven.apache.org/xsd/assembly-1.1.3.xsd">
	<id>dar-oplevering-assembly-descriptor</id>
	<formats>
		<format>zip</format>
	</formats>
	<includeBaseDirectory>false</includeBaseDirectory>
	<fileSets>
		<!--fileSet>
			<directory>src/main/docs/Installatie/Public</directory>
			<outputDirectory>Docs</outputDirectory>
			<includes>
				<include>*.txt</include>
			</includes>
		</fileSet-->
		<fileSet>
			<!-- In ieder geval een install.txt met een korte beschrijving. -->
			<directory>src/main/docs/XL-Deploy/cws-db-wls-ds</directory>
			<outputDirectory>Docs</outputDirectory>
			<includes>
				<include>*.txt</include>
			</includes>
			<filtered>true</filtered>
		</fileSet>
		<fileSet>
			<!-- XL Deploy opleverdocument -->
			<directory>src/main/docs/XL-Deploy/cws-db-wls-ds</directory>
			<outputDirectory>Docs</outputDirectory>
			<includes>
				<include>*.doc*</include>
			</includes>
		</fileSet>
		<fileSet>
			<!-- Properties bestanden voor nieuwe placeholders importeren. -->
			<directory>src/main/docs/XL-Deploy/cws-db-wls-ds</directory>
			<outputDirectory>Properties</outputDirectory>
			<includes>
				<include>*.properties</include>
			</includes>
		</fileSet>
		<!--fileSet>
			<directory>src/main/docs/Baseline</directory>
			<outputDirectory>Baseline</outputDirectory>
		</fileSet>
		<fileSet>
			<directory>src/main/docs/Technisch/Public</directory>
			<outputDirectory>Technische_documentatie</outputDirectory>
			<includes>
				<include>TO_*.*</include>
			</includes>
		</fileSet>
		<fileSet>
			<directory>src/docs/Test/Public</directory>
			<outputDirectory>Technische_documentatie</outputDirectory>
			<includes>
				<include>Testen_*.pdf</include>
			</includes>
		</fileSet-->
	</fileSets>
	<files>
		<file>
			<source>target/${project.artifactId}-${project.version}.dar</source>
			<outputDirectory>.</outputDirectory>
			<destName>${project.artifactId}-${project.version}-${buildNumber}.dar</destName>
		</file>
	</files>
</assembly>