<?xml version="1.0" encoding="UTF-8"?>
<wls:weblogic-web-app
        xmlns:wls="http://xmlns.oracle.com/weblogic/weblogic-web-app"
        xmlns:xsi="http://www.w3.org/2001/XMLSchema-instance"
        xsi:schemaLocation="http://xmlns.oracle.com/weblogic/weblogic-web-app
        http://xmlns.oracle.com/weblogic/weblogic-web-app/1.4/weblogic-web-app.xsd">
    <wls:context-root>CWSIHP</wls:context-root>
    <wls:security-role-assignment>
        <wls:role-name>CWSIHP_RAADPLEGEN</wls:role-name>
        <wls:principal-name>SHOULD_BE_REPLACED</wls:principal-name>
    </wls:security-role-assignment>
    <wls:security-role-assignment>
        <wls:role-name>CWSIHP_RAADPLEGEN_BEHEER</wls:role-name>
        <wls:principal-name>SHOULD_BE_REPLACED</wls:principal-name>
    </wls:security-role-assignment>
    <wls:session-descriptor>
        <wls:tracking-enabled>false</wls:tracking-enabled>
        <wls:cookies-enabled>false</wls:cookies-enabled>
        <wls:url-rewriting-enabled>false</wls:url-rewriting-enabled>
        <wls:encode-session-id-in-query-params>false</wls:encode-session-id-in-query-params>
    </wls:session-descriptor>
</wls:weblogic-web-app>