<?xml version='1.0' encoding='UTF-8'?>
<deployment-plan xmlns="http://xmlns.oracle.com/weblogic/deployment-plan"
                 xmlns:xsi="http://www.w3.org/2001/XMLSchema-instance"
                 xsi:schemaLocation="http://xmlns.oracle.com/weblogic/deployment-plan http://xmlns.oracle.com/weblogic/deployment-plan/1.0/deployment-plan.xsd"
                 global-variables="false">
   <application-name>${deployment.name}</application-name>
   <variable-definition>
      <variable>
         <name>incidentFilePath</name>
         <value>{{pws-cws01_incidentFilePath}}</value>
      </variable>
   </variable-definition>
   <module-override>
      <module-name>${application.name}-${project.version}.war</module-name>
      <module-type>war</module-type>
      <module-descriptor external="false">
         <root-element>web-app</root-element>
         <uri>WEB-INF/web.xml</uri>
         <variable-assignment>
            <name>incidentFilePath</name>
            <xpath>/web-app/env-entry/[env-entry-name="incidentFilePath"]/env-entry-value</xpath>
            <operation>replace</operation>
         </variable-assignment>
      </module-descriptor>
   </module-override>
</deployment-plan>
