<assembly
		xmlns="http://maven.apache.org/plugins/maven-assembly-plugin/assembly/1.1.3"
		xmlns:xsi="http://www.w3.org/2001/XMLSchema-instance"
		xsi:schemaLocation="http://maven.apache.org/plugins/maven-assembly-plugin/assembly/1.1.3 http://maven.apache.org/xsd/assembly-1.1.3.xsd">
	<id>dar-oplevering-assembly-descriptor</id>
	<formats>
		<format>zip</format>
	</formats>
	<includeBaseDirectory>true</includeBaseDirectory>
	<fileSets>
		<fileSet>
			<directory>src/docs/Baseline</directory>
			<outputDirectory>Baseline</outputDirectory>
		</fileSet>
		<fileSet>
			<directory>src/docs/Installatie/Public</directory>
			<outputDirectory>Releasenotes</outputDirectory>
			<includes>
				<include>Releasenotes.txt</include>
			</includes>
		</fileSet>
		<fileSet>
			<directory>src/docs/Technisch/Public</directory>
			<outputDirectory>Technische_documentatie</outputDirectory>
			<includes>
				<include>TO_*.pdf</include>
				<include>SSD*.pdf</include>
			</includes>
		</fileSet>
		<fileSet>
			<directory>src/docs/XL-Deploy/cws-ihp</directory>
			<outputDirectory>Docs</outputDirectory>
			<excludes>
				<exclude>*.doc*</exclude>
			</excludes>
			<filtered>true</filtered>
		</fileSet>
		<fileSet>
			<directory>src/docs/XL-Deploy/cws-ihp</directory>
			<outputDirectory>Docs</outputDirectory>
			<includes>
				<include>*.doc*</include>
			</includes>
		</fileSet>
	</fileSets>
	<files>
		<file>
			<source>../${application.name}-dar/target/${application.name}-dar-${project.version}.dar</source>
			<outputDirectory>.</outputDirectory>
			<destName>${application.name}-dar-${project.version}-${buildNumber}.dar</destName>
		</file>
	</files>
</assembly>