<?xml version='1.0' encoding='UTF-8'?>
<deployment-plan xmlns="http://xmlns.oracle.com/weblogic/deployment-plan" xmlns:xsi="http://www.w3.org/2001/XMLSchema-instance" xsi:schemaLocation="http://xmlns.oracle.com/weblogic/deployment-plan http://xmlns.oracle.com/weblogic/deployment-plan/1.0/deployment-plan.xsd" global-variables="false">
  <application-name>${deployment.name}</application-name>
  <variable-definition>
    <variable>
      <name>SecurityRoleAssignment_CWSIHP_RAADPLEGEN_PrincipalNames_154514063572244</name>
      <value>{{cws06_group_name}}</value>
    </variable>
    <variable>
      <name>SecurityRoleAssignment_CWSIHP_RAADPLEGEN_BEHEER_PrincipalNames_154514063572245</name>
      <value>{{cws06_beheer_group_name}}</value>
    </variable>
  </variable-definition>
  <module-override>
    <module-name>cws-ihp-service-${project.version}.war</module-name>
    <module-type>war</module-type>
    <module-descriptor external="false">
      <root-element>weblogic-web-app</root-element>
      <uri>WEB-INF/weblogic.xml</uri>
      <variable-assignment>
        <name>SecurityRoleAssignment_CWSIHP_RAADPLEGEN_PrincipalNames_154514063572244</name>
        <xpath>/weblogic-web-app/security-role-assignment/[role-name="CWSIHP_RAADPLEGEN"]/principal-name</xpath>
        <origin>planbased</origin>
      </variable-assignment>
      <variable-assignment>
        <name>SecurityRoleAssignment_CWSIHP_RAADPLEGEN_BEHEER_PrincipalNames_154514063572245</name>
        <xpath>/weblogic-web-app/security-role-assignment/[role-name="CWSIHP_RAADPLEGEN_BEHEER"]/principal-name</xpath>
        <origin>planbased</origin>
      </variable-assignment>
    </module-descriptor>
  </module-override>
</deployment-plan>
