<?xml version="1.0" encoding="utf-8" standalone="yes"?>
<root>
    <windows>
        <driver id="googlechrome">
            <version id="73.0.3683.68">
                <bitrate thirtytwobit="true" sixtyfourbit="true">
                    <filelocation>http://chromedriver.storage.googleapis.com/73.0.3683.68/chromedriver_win32.zip</filelocation>
                    <hash>7c57ee80defcbd536e26d982e5ebff3b361b6abd</hash>
                    <hashtype>sha1</hashtype>
                </bitrate>
            </version>
        </driver>
    </windows>
    <linux>
        <driver id="googlechrome">
            <version id="73.0.3683.68">
                <bitrate sixtyfourbit="true">
                    <filelocation>https://chromedriver.storage.googleapis.com/73.0.3683.68/chromedriver_linux64.zip</filelocation>
                    <hash>2ae90d3e04d45fe3965b48aa858469a6dbf55740</hash>
                    <hashtype>sha1</hashtype>
                </bitrate>
            </version>
        </driver>
    </linux>
    <osx>
        <driver id="googlechrome">
            <version id="73.0.3683.68">
                <bitrate sixtyfourbit="true">
                    <filelocation>https://chromedriver.storage.googleapis.com/73.0.3683.68/chromedriver_mac64.zip</filelocation>
                    <hash>7242dbde8e47806c5787f5c0245bd09e98cb3d0a</hash>
                    <hashtype>sha1</hashtype>
                </bitrate>
            </version>
        </driver>
    </osx>
</root>