<?xml version="1.0" encoding="UTF-8"?>
<Configuration status="warn">
    <Properties>
        <Property name="basePath">.</Property>
    </Properties>

    <Appenders>
        <RollingFile name="fileLogger" fileName="${basePath}/applogscws06-cwsihp.log" filePattern="${basePath}/applogscws06-cwsihp-%d{yyyy-MM-dd}.log">
            <PatternLayout>
                <pattern>[%-5level] %d{yyyy-MM-dd HH:mm:ss.SSS} [%t] %c{1} - %msg%n</pattern>
            </PatternLayout>
            <Policies>
                <TimeBasedTriggeringPolicy interval="1" modulate="true" />
            </Policies>
        </RollingFile>

        <Console name="console" target="SYSTEM_OUT">
            <PatternLayout   pattern="[%-5level] %d{yyyy-MM-dd HH:mm:ss.SSS} [%t] %c{1} - %msg%n" />
        </Console>
    </Appenders>
    <Loggers>
        <Logger name="org.springframework"  level="INFO" additivity="false">
            <appender-ref ref="console" />
        </Logger>
        <Logger name="nl.uwv.cws" level="DEBUG" additivity="false">
            <appender-ref ref="console" />
            <appender-ref ref="fileLogger" />
        </Logger>
        <Root level="INFO" additivity="false">
            <appender-ref ref="console" />
        </Root>
    </Loggers>
</Configuration>