<?xml version="1.0" encoding="UTF-8"?>
<wls:weblogic-web-app
      xmlns:wls="http://xmlns.oracle.com/weblogic/weblogic-web-app"
      xmlns:xsi="http://www.w3.org/2001/XMLSchema-instance"
      xsi:schemaLocation="http://xmlns.oracle.com/weblogic/weblogic-web-app
        http://xmlns.oracle.com/weblogic/weblogic-web-app/1.8/weblogic-web-app.xsd">

   <!-- voorrang aan context-root en web-uri in application.xml -->
   <wls:context-root>/pws-cws01</wls:context-root>
   <wls:weblogic-version>12.2.1.3</wls:weblogic-version>

   <wls:charset-params>
      <wls:input-charset>
         <wls:resource-path>/*</wls:resource-path>
         <wls:java-charset-name>UTF-8</wls:java-charset-name>
      </wls:input-charset>
   </wls:charset-params>

   <!-- PWS Rollen -->
   <!-- SEE: https://docs.oracle.com/middleware/12211/wls/ROLES/secroles.htm#ROLES185 -->
   <wls:security-role-assignment>
      <wls:role-name>AUTHENTICATED_USER</wls:role-name>
      <!-- This group contains all users who have been authenticated. -->
      <wls:principal-name>users</wls:principal-name>
   </wls:security-role-assignment>

   <wls:security-role-assignment>
      <wls:role-name>VIP</wls:role-name>
      <wls:principal-name>G-UG-PWS-VIP-Raadplegen</wls:principal-name>
   </wls:security-role-assignment>

   <!-- CWS specific rol -->
   <wls:security-role-assignment>
      <wls:role-name>PWS_CWS_FUNCTIONEEL_BEHEERDER</wls:role-name>
      <wls:principal-name>UWV SP G-UG-UWV-A-PLM-Functioneelbeheer</wls:principal-name>
   </wls:security-role-assignment>

   <wls:resource-description>
      <!-- Lokale JNDI naam van Datasource (JEE webmodule) -->
      <wls:res-ref-name>jdbc/ppls_pws00/DataSource</wls:res-ref-name>
      <!-- Globale JNDI naam van Datasource (JEE container) -->
      <wls:jndi-name>nl/uwv/ppls/ppls_pws_cws01</wls:jndi-name>
   </wls:resource-description>

   <wls:resource-description>
      <!-- Lokale JNDI naam van Datasource (JEE webmodule) -->
      <wls:res-ref-name>jdbc/ppls_lomologger/DataSource</wls:res-ref-name>
      <!-- Globale JNDI naam van Datasource (JEE container) -->
      <wls:jndi-name>nl/uwv/ppls/datasource/lomologds</wls:jndi-name>
   </wls:resource-description>

   <wls:container-descriptor>
      <wls:prefer-web-inf-classes>true</wls:prefer-web-inf-classes>
   </wls:container-descriptor>

   <wls:session-descriptor>
      <wls:tracking-enabled>true</wls:tracking-enabled>
      <wls:cookies-enabled>true</wls:cookies-enabled>
      <!-- session timeout in seconden -->
      <wls:timeout-secs>900</wls:timeout-secs>
      <wls:invalidate-on-relogin>true</wls:invalidate-on-relogin>
      <!-- lengte van _WL_AUTHCOOKIE_JSESSIONID -->
      <!-- <wls:auth-cookie-id-lengths>20</wls:auth-cookie-id-lengths>  -->
      <!-- minimale waarde is 32, een lagere waarde wordt automatisch naar 32 verhoogd -->
      <wls:id-length>52</wls:id-length>
      <!-- _WL_AUTHCOOKIE_PolisLeverenSessionId -->
      <wls:cookie-name>PolisLeverenSessionId</wls:cookie-name>
      <wls:cookie-path>/</wls:cookie-path>
      <wls:cookie-secure>true</wls:cookie-secure>
      <wls:cookie-comment>Sessie-identificerend HTTP-cookie voor POLIS LEVEREN webapplicaties</wls:cookie-comment>
      <wls:http-proxy-caching-of-cookies>false</wls:http-proxy-caching-of-cookies>
      <wls:persistent-store-type>replicated_if_clustered</wls:persistent-store-type>
      <wls:persistent-store-cookie-name>PolisLeverenPwsSessionState</wls:persistent-store-cookie-name>
      <wls:url-rewriting-enabled>false</wls:url-rewriting-enabled>
      <wls:encode-session-id-in-query-params>true</wls:encode-session-id-in-query-params>
   </wls:session-descriptor>

   <wls:logging>
      <wls:log-filename>./servers/${weblogic.serverName}/logs/pws-cws01.log</wls:log-filename>
      <wls:logging-enabled>false</wls:logging-enabled>
      <wls:rotation-type>byTIme</wls:rotation-type>
      <wls:file-time-span>24</wls:file-time-span>
      <wls:log-file-rotation-dir></wls:log-file-rotation-dir>
   </wls:logging>
</wls:weblogic-web-app>
