<?xml version="1.0" encoding="UTF-8"?>
<application xmlns="http://xmlns.jcp.org/xml/ns/javaee" xmlns:xsi="http://www.w3.org/2001/XMLSchema-instance" xsi:schemaLocation="http://xmlns.jcp.org/xml/ns/javaee http://xmlns.jcp.org/xml/ns/javaee/application_7.xsd" version="7">
  <application-name>pws-cws</application-name>
  <description>Polis+ webschermen CWS</description>
  <display-name>pws-cws-ear</display-name>
  <module>
    <web>
      <web-uri>pws-cws-1.0.0-SNAPSHOT.war</web-uri>
      <context-root>webapps/cws</context-root>
    </web>
  </module>
  <library-directory>APP-INF/lib</library-directory>
</application>