<?xml version="1.0" encoding="UTF-8"?>
<wls:weblogic-application xmlns:wls="http://xmlns.oracle.com/weblogic/weblogic-application"
                          xmlns:xsi="http://www.w3.org/2001/XMLSchema-instance"
                          xsi:schemaLocation="http://java.sun.com/xml/ns/javaee
                          http://xmlns.oracle.com/weblogic/weblogic-application
                          http://xmlns.oracle.com/weblogic/weblogic-application/1.6/weblogic-application.xsd">
   <!--weblogic-version:10.3.4-->

   <wls:prefer-application-packages>
      <wls:package-name>org.apache.xerces.*</wls:package-name>
   </wls:prefer-application-packages>

   <wls:application-param>
      <wls:param-name>webapp.encoding.default</wls:param-name>
      <wls:param-value>UTF-8</wls:param-value>
   </wls:application-param>

   <wls:session-descriptor>
      <wls:timeout-secs>900</wls:timeout-secs>
   </wls:session-descriptor>

</wls:weblogic-application>
