<?xml version="1.0" encoding="UTF-8"?>
<application xmlns="http://xmlns.jcp.org/xml/ns/javaee" xmlns:xsi="http://www.w3.org/2001/XMLSchema-instance" xsi:schemaLocation="http://xmlns.jcp.org/xml/ns/javaee http://xmlns.jcp.org/xml/ns/javaee/application_7.xsd" version="7">
  <application-name>CWS06</application-name>
  <description>UWV release parent bevat informatie en configuratie die nodig is voor het kunnen releasen en deployen van maven artefacten</description>
  <display-name>cws-ihp-ear</display-name>
  <module>
    <web>
      <web-uri>cws-ihp-service-1.2.0-SNAPSHOT.war</web-uri>
      <context-root>{{cws06_context_root}}</context-root>
    </web>
  </module>
  <library-directory>APP-INF/lib</library-directory>
</application>