<?xml version="1.0" encoding="UTF-8"?>
<wls:weblogic-application xmlns:wls="http://xmlns.oracle.com/weblogic/weblogic-application"
                      xmlns:xsi="http://www.w3.org/2001/XMLSchema-instance"
                          xsi:schemaLocation="http://java.sun.com/xml/ns/javaee http://java.sun.com/xml/ns/javaee/javaee_5.xsd http://xmlns.oracle.com/weblogic/weblogic-application http://xmlns.oracle.com/weblogic/weblogic-application/1.3/weblogic-application.xsd">
    <wls:application-param>
        <wls:param-name>webapp.encoding.default</wls:param-name>
        <wls:param-value>UTF-8</wls:param-value>
    </wls:application-param>
    <wls:prefer-application-packages>
        <wls:package-name>org.springframework.*</wls:package-name>
        <wls:package-name>javax.servlets.*</wls:package-name>
        <wls:package-name>org.apache.neethi.*</wls:package-name>
        <wls:package-name>wsdl4j.*</wls:package-name>
        <wls:package-name>com.ctc.wstx.*</wls:package-name>
        <wls:package-name>javax.wsdl.*</wls:package-name>
        <wls:package-name>org.apache.cxf.*</wls:package-name>
    </wls:prefer-application-packages>
    <wls:prefer-application-resources>
        <wls:resource-name>org.springframework.*</wls:resource-name>
        <wls:resource-name>META-INF/services/com.sun.xml.ws.spi.db.BindingContextFactory</wls:resource-name>
        <wls:resource-name>META-INF/services/javax.xml.bind.JAXBContext</wls:resource-name>
        <wls:resource-name>antlr.*</wls:resource-name>
    </wls:prefer-application-resources>

</wls:weblogic-application>